100805,0xfe3ddb7883c3f09e1fdc9908b570c6c79fb25f7c
100805,0xf58fe388d53e9542f0bddff2d1578b13675228fd
100805,0x765a16ca391a6b9249cfa65bf2d14c38722198e3
100805,0x5584cf54ade7c81ab6d6bc870c714f87fc0a7721
100805,0x8148808562db1a636ebf465d74d8aed81917814b
100001,0x5037e7747faa78fc0ecf8dfc526dcd19f73076ce
100001,0x99ef5629bef3782eaca45e89f440a4993c51751a
100001,0xe95330d7cdcd37bf0ad875c29e2a2871fefa3de8
100001,0xfe3ddb7883c3f09e1fdc9908b570c6c79fb25f7c
100001,0x5cd18da4c84758319c8e1c228b48725f5e4a3506
100002,0xf58fe388d53e9542f0bddff2d1578b13675228fd
100002,0xfde2f9dac6906915498b863b528373ff75f3e93c
100002,0x2ceddd6eb059f4cd6c4643946e0b7cb963be61d7
100002,0x99ef5629bef3782eaca45e89f440a4993c51751a
100002,0xe95330d7cdcd37bf0ad875c29e2a2871fefa3de8
100301,0xf58fe388d53e9542f0bddff2d1578b13675228fd
100301,0xfe3ddb7883c3f09e1fdc9908b570c6c79fb25f7c
100301,0x60203b2d05f84baf615095596c4353ff11d2a407
100301,0x7c04786f04c522ca664bb8b6804e0d182eec505f
100301,0x5584cf54ade7c81ab6d6bc870c714f87fc0a7721
100201,0xf58fe388d53e9542f0bddff2d1578b13675228fd
100201,0xfde2f9dac6906915498b863b528373ff75f3e93c
100201,0x99ef5629bef3782eaca45e89f440a4993c51751a
100201,0xe95330d7cdcd37bf0ad875c29e2a2871fefa3de8
100201,0xfe3ddb7883c3f09e1fdc9908b570c6c79fb25f7c
100322,0xf58fe388d53e9542f0bddff2d1578b13675228fd
100322,0xe95330d7cdcd37bf0ad875c29e2a2871fefa3de8
100322,0xfe3ddb7883c3f09e1fdc9908b570c6c79fb25f7c
100322,0x60203b2d05f84baf615095596c4353ff11d2a407
100322,0xd26a2bd8a59ea00bd836142cc6be9717361a3b51
100333,0xf58fe388d53e9542f0bddff2d1578b13675228fd
100333,0x60203b2d05f84baf615095596c4353ff11d2a407
100333,0x7c04786f04c522ca664bb8b6804e0d182eec505f
100333,0x704a10d661a0ce0be6c3379d93fc47f13be4ab50
100333,0xe7148e4773b8f54755ae448b81bc67a3c666f1d7
100602,0xf58fe388d53e9542f0bddff2d1578b13675228fd
100602,0xfe3ddb7883c3f09e1fdc9908b570c6c79fb25f7c
100602,0x60203b2d05f84baf615095596c4353ff11d2a407
100602,0xe95330d7cdcd37bf0ad875c29e2a2871fefa3de8
100602,0xd26a2bd8a59ea00bd836142cc6be9717361a3b51
100801,0xf58fe388d53e9542f0bddff2d1578b13675228fd
100801,0xe95330d7cdcd37bf0ad875c29e2a2871fefa3de8
100801,0xfe3ddb7883c3f09e1fdc9908b570c6c79fb25f7c
100801,0x60203b2d05f84baf615095596c4353ff11d2a407
100801,0xd26a2bd8a59ea00bd836142cc6be9717361a3b51
100802,0xf58fe388d53e9542f0bddff2d1578b13675228fd
100802,0xe95330d7cdcd37bf0ad875c29e2a2871fefa3de8
100802,0xfe3ddb7883c3f09e1fdc9908b570c6c79fb25f7c
100802,0x60203b2d05f84baf615095596c4353ff11d2a407
100802,0xd26a2bd8a59ea00bd836142cc6be9717361a3b51
100804,0xf58fe388d53e9542f0bddff2d1578b13675228fd
100804,0xfe3ddb7883c3f09e1fdc9908b570c6c79fb25f7c
100804,0xe95330d7cdcd37bf0ad875c29e2a2871fefa3de8
100804,0x675233348fc519cbcf70fe75c26856501327fee1
100804,0x765a16ca391a6b9249cfa65bf2d14c38722198e3
100803,0xf58fe388d53e9542f0bddff2d1578b13675228fd
100803,0xe95330d7cdcd37bf0ad875c29e2a2871fefa3de8
100803,0xfe3ddb7883c3f09e1fdc9908b570c6c79fb25f7c
100803,0x60203b2d05f84baf615095596c4353ff11d2a407
100803,0xd26a2bd8a59ea00bd836142cc6be9717361a3b51
100011,0xf58fe388d53e9542f0bddff2d1578b13675228fd
100011,0xfe3ddb7883c3f09e1fdc9908b570c6c79fb25f7c
100011,0x60203b2d05f84baf615095596c4353ff11d2a407
100011,0xe95330d7cdcd37bf0ad875c29e2a2871fefa3de8
100011,0xd26a2bd8a59ea00bd836142cc6be9717361a3b51
100041,0xf58fe388d53e9542f0bddff2d1578b13675228fd
100041,0xfe3ddb7883c3f09e1fdc9908b570c6c79fb25f7c
100041,0xfde2f9dac6906915498b863b528373ff75f3e93c
100041,0x2ceddd6eb059f4cd6c4643946e0b7cb963be61d7
100041,0x99ef5629bef3782eaca45e89f440a4993c51751a
100042,0xf58fe388d53e9542f0bddff2d1578b13675228fd
100042,0x5b8d43981db520dd5f82dbc23685275def7f4321
100042,0x6c7dd35c8dd4431b4f7068b9fba916b138ab476d
100042,0x7552b1faf0d1807adfee5a79cf3dba9f338eefb9
100042,0x67b82cf2fb7935816b1a0a194529f23bf5df815a
100043,0xf58fe388d53e9542f0bddff2d1578b13675228fd
100043,0x1f5bdaff3328023118ae64cc8b5e9e69d22c0c07
100043,0x67b82cf2fb7935816b1a0a194529f23bf5df815a
100043,0x7552b1faf0d1807adfee5a79cf3dba9f338eefb9
100043,0x6c7dd35c8dd4431b4f7068b9fba916b138ab476d
100401,0xf58fe388d53e9542f0bddff2d1578b13675228fd
100401,0xfe3ddb7883c3f09e1fdc9908b570c6c79fb25f7c
100401,0x60203b2d05f84baf615095596c4353ff11d2a407
100401,0xc3ac33b56e2641fd4ed25af24f0fc268c881dc25
100401,0x183bdb344a07ee3d27f07ac4799a56e4a2fe5439
100501,0xf58fe388d53e9542f0bddff2d1578b13675228fd
100501,0xe95330d7cdcd37bf0ad875c29e2a2871fefa3de8
100501,0xfe3ddb7883c3f09e1fdc9908b570c6c79fb25f7c
100501,0x60203b2d05f84baf615095596c4353ff11d2a407
100501,0xd26a2bd8a59ea00bd836142cc6be9717361a3b51
100502,0xe95330d7cdcd37bf0ad875c29e2a2871fefa3de8
100502,0xfe3ddb7883c3f09e1fdc9908b570c6c79fb25f7c
100502,0x60203b2d05f84baf615095596c4353ff11d2a407
100502,0xd26a2bd8a59ea00bd836142cc6be9717361a3b51
100502,0x7c04786f04c522ca664bb8b6804e0d182eec505f
100503,0xe95330d7cdcd37bf0ad875c29e2a2871fefa3de8
100503,0xfe3ddb7883c3f09e1fdc9908b570c6c79fb25f7c
100503,0xd26a2bd8a59ea00bd836142cc6be9717361a3b51
100503,0x704a10d661a0ce0be6c3379d93fc47f13be4ab50
100503,0x7990ac0d0d602346c2aa05de66f711a9f50faf8d
100901,0xe95330d7cdcd37bf0ad875c29e2a2871fefa3de8
100901,0x60203b2d05f84baf615095596c4353ff11d2a407
100901,0xad5ac328fe503176ba8f84209f2040e589650a2e
100901,0x675233348fc519cbcf70fe75c26856501327fee1
100901,0xb948f08fdc5cb5069a4bf36e4b7a144f55d68d66
100601,0xfe3ddb7883c3f09e1fdc9908b570c6c79fb25f7c
100601,0x60203b2d05f84baf615095596c4353ff11d2a407
100601,0xd26a2bd8a59ea00bd836142cc6be9717361a3b51
100601,0x7c04786f04c522ca664bb8b6804e0d182eec505f
100601,0x5584cf54ade7c81ab6d6bc870c714f87fc0a7721
100603,0xfe3ddb7883c3f09e1fdc9908b570c6c79fb25f7c
100603,0x60203b2d05f84baf615095596c4353ff11d2a407
100603,0xd26a2bd8a59ea00bd836142cc6be9717361a3b51
100603,0x7c04786f04c522ca664bb8b6804e0d182eec505f
100603,0x765a16ca391a6b9249cfa65bf2d14c38722198e3
100012,0xfe3ddb7883c3f09e1fdc9908b570c6c79fb25f7c
100012,0x60203b2d05f84baf615095596c4353ff11d2a407
100012,0x4d477f1aabcfc2fc3fc9b802e861c013e0123ad9
100012,0x92d9911d37e15c735bfc480a571db01d9350e6cc
100012,0x30f2e3ab77060a23e394cb99810b3a6cef343c77
100061,0xfe3ddb7883c3f09e1fdc9908b570c6c79fb25f7c
100061,0xa730497276a7cb03de732abbad712b1ceb3809d3
100061,0x5b8d43981db520dd5f82dbc23685275def7f4321
100061,0x6c7dd35c8dd4431b4f7068b9fba916b138ab476d
100061,0x7552b1faf0d1807adfee5a79cf3dba9f338eefb9
100013,0xfe3ddb7883c3f09e1fdc9908b570c6c79fb25f7c
100013,0x2de6fe2d5e9144b6009943d69b9161f52135b808
100013,0x91a49cd15d1550bd5a66ff4c4bb35f30ee644cc9
100013,0x63fc73c4c8546efa92ffd0902a7b6fb1ca18fc3f
100013,0xb5cd6cf75098e17096bb2d38941991dbb574724c
100014,0xfe3ddb7883c3f09e1fdc9908b570c6c79fb25f7c
100014,0xde65a3de3d69d01cc995d97239de9924b0e4954d
100014,0x610af99077923c6f24a37777d871038b27c562ad
100014,0x57e89f63f468fca591a359b069078aa9d463803f
100014,0x88ecc28c41c76f9972c4499cdb1b4e9003c1fe1a
100015,0xfe3ddb7883c3f09e1fdc9908b570c6c79fb25f7c
100015,0xb948f08fdc5cb5069a4bf36e4b7a144f55d68d66
100015,0x4d81998661386b1b721aa22b34848425cc54d407
100015,0x81e877dd467f65b79aff559a8fafed6e95f01ad8
100015,0xb6e7f7c99409b31d3cd7ce576691838237a9b97b
100321,0x60203b2d05f84baf615095596c4353ff11d2a407
100321,0xd26a2bd8a59ea00bd836142cc6be9717361a3b51
100321,0x7c04786f04c522ca664bb8b6804e0d182eec505f
100321,0x704a10d661a0ce0be6c3379d93fc47f13be4ab50
100321,0x5584cf54ade7c81ab6d6bc870c714f87fc0a7721
100332,0x60203b2d05f84baf615095596c4353ff11d2a407
100332,0xc3ac33b56e2641fd4ed25af24f0fc268c881dc25
100332,0xa1ccdc00bef0c3eb140e3ed82aeaf4071494917c
100332,0x3dac271d1b36a434880c527a678b6487ac9c1f8c
100332,0x520768717f317893e749b363399f51bc8a092cfc
100402,0x60203b2d05f84baf615095596c4353ff11d2a407
100402,0x01b86aeebcd1ff94ac1195cfc8fd9e39db24db45
100402,0x81ba93b26bce8ca5d649b6607df15e6d45462d8f
100402,0x3dac271d1b36a434880c527a678b6487ac9c1f8c
100402,0xc7a964d9c711553fb534d113e52948b813730396
100403,0x60203b2d05f84baf615095596c4353ff11d2a407
100403,0x3dac271d1b36a434880c527a678b6487ac9c1f8c
100403,0x47a76df5f20b7116a33b9715bc73092fb3690b36
100403,0x935914ad4a126647af35378384d70c741892a5fa
100403,0x524b7c9b4ca33ba72445dfd2d6404c81d8d1f2e3
100505,0x60203b2d05f84baf615095596c4353ff11d2a407
100505,0x47a76df5f20b7116a33b9715bc73092fb3690b36
100505,0xdae2d80e803e7e7bc279309ede4e039788b4936d
100505,0x81ba93b26bce8ca5d649b6607df15e6d45462d8f
100505,0xad431753b5223bb7b7b3690561ec68b205dc7acb
100506,0x60203b2d05f84baf615095596c4353ff11d2a407
100506,0x47a76df5f20b7116a33b9715bc73092fb3690b36
100506,0x81ba93b26bce8ca5d649b6607df15e6d45462d8f
100506,0xad431753b5223bb7b7b3690561ec68b205dc7acb
100506,0xcdf4f278c469fd3961707d6b4d54b8f244ea5d9e
100302,0x60203b2d05f84baf615095596c4353ff11d2a407
100302,0x03894d4ac41dd6c4c2f524ed4417c90fa46972c6
100302,0x3dac271d1b36a434880c527a678b6487ac9c1f8c
100302,0x520768717f317893e749b363399f51bc8a092cfc
100302,0x9f9ebce72c0715cdbad4d589986eb22f6782a1ce
100701,0x60203b2d05f84baf615095596c4353ff11d2a407
100701,0x7c04786f04c522ca664bb8b6804e0d182eec505f
100701,0x01b86aeebcd1ff94ac1195cfc8fd9e39db24db45
100701,0x5c127ccdd428ac57a1fff2ec4bc1cd00dbbc9eed
100701,0x3dac271d1b36a434880c527a678b6487ac9c1f8c
100504,0xd26a2bd8a59ea00bd836142cc6be9717361a3b51
100504,0x704a10d661a0ce0be6c3379d93fc47f13be4ab50
100504,0x153509e78fd04144d482e27716ae14c52d7932b0
100504,0x3ce8ce4a5ee7d6ef768df4ad35bf245e0d0314db
100504,0x03894d4ac41dd6c4c2f524ed4417c90fa46972c6
100062,0x60203b2d05f84baf615095596c4353ff11d2a407
100062,0x3234d4e615f011526c36c8c2b2f5b89f5fbaee2a
100062,0x9f9ebce72c0715cdbad4d589986eb22f6782a1ce
100062,0x5d47e5d242a8f66a6286b0a2353868875f5d6068
100062,0xf83abc519e046c5391d219fabf1a3c87dd5924d3
100303,0x9c035924d172a5ba3ef6e544af9dda28a47508c4
100303,0x5d47e5d242a8f66a6286b0a2353868875f5d6068
100303,0x4f29ae8480537a1c20b7e17e995edc9337f5dddb
100303,0x85fea42098705e1c99c9e2af49c9007cf8571e98
100303,0x9fc7eeacd27d38a436462bb43ad97e49106820d7
100508,0x059eeedfe126ff4c918da928a33826def7402744
100508,0x56babdb63d71879f8d77e2c9515060d3ae29cd9e
100508,0xe6cc5e3ebb07b5156ba3af510b8c6ca19804d88e
100508,0x2ab4e42c2190c05b3dccd9b039daf8743217392a
100508,0x99f872252219d4960cab6a35f08d92d7a071c961
100304,0x9fc7eeacd27d38a436462bb43ad97e49106820d7
100304,0x7e1dcf785f0353bf657c38ab7865c1f184efe208
100304,0x2333a0627873ed9e705934b820c01d6193ab2a67
100304,0x5f389707fc094f5daaff685ba8e47ee56e31f51f
100304,0xefa845164e612fe623ac21380afc8ec78f22e3c3
100507,0x47a76df5f20b7116a33b9715bc73092fb3690b36
100507,0x81ba93b26bce8ca5d649b6607df15e6d45462d8f
100507,0xcdf4f278c469fd3961707d6b4d54b8f244ea5d9e
100507,0xad431753b5223bb7b7b3690561ec68b205dc7acb
100507,0x013cc394844aa993d73ca9a08d89dd6d046f3bcc
100054,0xfe3ddb7883c3f09e1fdc9908b570c6c79fb25f7c
100054,0x183bdb344a07ee3d27f07ac4799a56e4a2fe5439
100054,0xa807902fbcb8b9692333fd6a5be5645f053d3ed8
100054,0xb948f08fdc5cb5069a4bf36e4b7a144f55d68d66
100054,0x60203b2d05f84baf615095596c4353ff11d2a407
100053,0xfe3ddb7883c3f09e1fdc9908b570c6c79fb25f7c
100053,0xfe3ddb7883c3f09e1fdc9908b570c6c79fb25f7c
100053,0x60203b2d05f84baf615095596c4353ff11d2a407
100053,0x183bdb344a07ee3d27f07ac4799a56e4a2fe5439
100053,0x607e7701af1a37bffc117ee10bdb391b81c56ec1
100052,0xfe3ddb7883c3f09e1fdc9908b570c6c79fb25f7c
100052,0x60203b2d05f84baf615095596c4353ff11d2a407
100052,0xf58fe388d53e9542f0bddff2d1578b13675228fd
100052,0x5d47e5d242a8f66a6286b0a2353868875f5d6068
100052,0x183bdb344a07ee3d27f07ac4799a56e4a2fe5439
100051,0xfe3ddb7883c3f09e1fdc9908b570c6c79fb25f7c
100051,0x60203b2d05f84baf615095596c4353ff11d2a407
100051,0x3fe25fb31f9e33938f2a530a298e995499879c5e
100051,0x1d9302c112514d536340098e6f13d63e02051ef8
100051,0xa6a3c95dd7d3edafca3e90b582990fafdf572a82
100044,0xfe3ddb7883c3f09e1fdc9908b570c6c79fb25f7c
100044,0xf58fe388d53e9542f0bddff2d1578b13675228fd
100044,0x0d24969d26177f813771eca05f819fb3e00210f8
100044,0x183bdb344a07ee3d27f07ac4799a56e4a2fe5439
100044,0xacf1222153e2b795cc35c57c32edd8b8eae86279
100305,0x5f389707fc094f5daaff685ba8e47ee56e31f51f
100305,0x3477dfd7d62510a9af8e25901cd4c5c74c58feee
100305,0x268c824be6856348a0c8a57f3f14573e16057fdd
100305,0x5a91b98a73d72a1fae9f1f962dca77326013b155
100305,0x9875094945893d40979e2858b6caf788dcce3368
100509,0xe91a75aa1b89f482ee65430ca9cddcb9a0282970
100509,0x6f9bb7e454f5b3eb2310343f0e99269dc2bb8a1d
100509,0x3ec44a823e07555b5f889d8d954eec736eb5865b
100509,0x6a8076e1b8fc43d5e07d03ba090d7a19e1cdafd1
100509,0xf3cd7261f2515c815d2bc0bc509ff38e45e05d6d
100310,0x5cd18da4c84758319c8e1c228b48725f5e4a3506
100310,0x4d477f1aabcfc2fc3fc9b802e861c013e0123ad9
100310,0xbf923438a135a99712d4c4b3db413a0817a90f99
100310,0x0a6f2f5ad8954edbadfdb508e599cd26ab668b97
100310,0xbd4bb362850ce280e994ba06ebadd106fb187d0c
100311,0x5cd18da4c84758319c8e1c228b48725f5e4a3506
100311,0x9a6185cdb0d83ed8319b6e01f791b8dfcb9425df
100311,0xc2d70ffe112d9b18c8e093b05c2f785b1ce7cff2
100311,0x7f7ed74ba8d347640a0a4150751879efa6a5c8cf
100311,0x3e379f4304319a302a49d5aed685159c81ad8ebc
100312,0x9a6185cdb0d83ed8319b6e01f791b8dfcb9425df
100312,0xedace1e651ba0d2eb674cb6540d1c0efbbe4c59c
100312,0xa8541e4b65bae5a703c333970be1bb85f2658591
100312,0x6f6b9a91a78c2e23ea086e45a53111ffa61195ad
100312,0xe5ad76f97cfb51344238c5f1b2408d217bc36694
100313,0x6f6b9a91a78c2e23ea086e45a53111ffa61195ad
100313,0xa8541e4b65bae5a703c333970be1bb85f2658591
100313,0xc3e8ac233f02d13c1e299e47ae230c205e0177ed
100313,0x9af28eb4506c4dee5edaaf4d0d9e9f2685a800d3
100313,0x685c99e8780e5a7f158617cc2e9acc0e45a66120
100005,0xfe3ddb7883c3f09e1fdc9908b570c6c79fb25f7c
100005,0xf58fe388d53e9542f0bddff2d1578b13675228fd
100005,0xefbc53e0afdc9f649bc1ab692461df57e70a560f
100005,0x9c8cccb6f344be0a3cd97319ba9678c07762b10c
100005,0x4cf40107f03bdb0ab3cf854d6fe3c22f137f7e90
100101,0x60203b2d05f84baf615095596c4353ff11d2a407
100101,0xfe3ddb7883c3f09e1fdc9908b570c6c79fb25f7c
100101,0xf58fe388d53e9542f0bddff2d1578b13675228fd
100101,0x63fb72ff2ed658d053399b6e15d044cd8ff2838d
100101,0x5d47e5d242a8f66a6286b0a2353868875f5d6068
100103,0xfe3ddb7883c3f09e1fdc9908b570c6c79fb25f7c
100103,0xf58fe388d53e9542f0bddff2d1578b13675228fd
100103,0x63fb72ff2ed658d053399b6e15d044cd8ff2838d
100103,0x11ef20cfeb033a3513d75164175a2e2d68f9c396
100103,0x5d47e5d242a8f66a6286b0a2353868875f5d6068
100102,0xfe3ddb7883c3f09e1fdc9908b570c6c79fb25f7c
100102,0xf58fe388d53e9542f0bddff2d1578b13675228fd
100102,0x63fb72ff2ed658d053399b6e15d044cd8ff2838d
100102,0x5d47e5d242a8f66a6286b0a2353868875f5d6068
100102,0x1845e7d10e9db3749ca34677254e305a834b8458
100004,0xefbc53e0afdc9f649bc1ab692461df57e70a560f
100004,0xacf1222153e2b795cc35c57c32edd8b8eae86279
100004,0x2abf33485edf704511dfa42dfb8afa71a0450a8e
100004,0x01fa7c39c94b8b0f1a40a0464ce7024f73ade56b
100004,0x927521baeba66f707a77b91910a84ff5ccf3447a
100003,0xacf1222153e2b795cc35c57c32edd8b8eae86279
100003,0x3da61e0091023aef38a2232baef1dcc1074d0d52
100003,0xc7bb0d1179098707e05e815db669f96ac960e247
100003,0x5d47e5d242a8f66a6286b0a2353868875f5d6068
100003,0xb9ee0838960d6f006a80435b77a04917ad182689
100202,0x60203b2d05f84baf615095596c4353ff11d2a407
100202,0xfe3ddb7883c3f09e1fdc9908b570c6c79fb25f7c
100202,0xf58fe388d53e9542f0bddff2d1578b13675228fd
100202,0x1aa30bfecdec590a90d5b43ca9d717fcae92c564
100202,0xaac75aee1d3dac4e6a5435c589f36fe4f042fd1d
100203,0x60203b2d05f84baf615095596c4353ff11d2a407
100203,0xfe3ddb7883c3f09e1fdc9908b570c6c79fb25f7c
100203,0xf58fe388d53e9542f0bddff2d1578b13675228fd
100203,0x38bd177e474d448ee657b3f7da29fb6e8793b783
100203,0x42377b2b3426a1ac388294eef88af65b8cd8847b
100205,0x60203b2d05f84baf615095596c4353ff11d2a407
100205,0xfe3ddb7883c3f09e1fdc9908b570c6c79fb25f7c
100205,0xf58fe388d53e9542f0bddff2d1578b13675228fd
100205,0xaac75aee1d3dac4e6a5435c589f36fe4f042fd1d
100205,0x1aa30bfecdec590a90d5b43ca9d717fcae92c564
100206,0x60203b2d05f84baf615095596c4353ff11d2a407
100206,0xc034c589c733c14b5f305f07ed63a3444b716126
100206,0x47a76df5f20b7116a33b9715bc73092fb3690b36
100206,0x50512168bf0ba7d3799284eef087469e357b5d3c
100206,0x905d4ccca7a56937dd9bd97272643cb859cd32dd
100204,0xfe3ddb7883c3f09e1fdc9908b570c6c79fb25f7c
100204,0xf58fe388d53e9542f0bddff2d1578b13675228fd
100204,0x42377b2b3426a1ac388294eef88af65b8cd8847b
100204,0xefbc53e0afdc9f649bc1ab692461df57e70a560f
100204,0x685c99e8780e5a7f158617cc2e9acc0e45a66120
100207,0x47a76df5f20b7116a33b9715bc73092fb3690b36
100207,0x587a533ae239db6d5efad5b9906a4a4b2803951b
100207,0x2068d14ee50772dd6e89c6f64f32adad0cc936ef
100207,0xbcd69ce8027b930c7712290f4f0c1e8864382123
100207,0xf3afc2383a0b45ae73d77b49df7f2184b1ad4b90
100331,0x880c4f74c3d4c39d75f8e2ad958f40671416bf66
100331,0xde4d5886da98c3a1140260aaf536a2f1262e2948
100331,0x81b52bcb7df0be59e7d08583443c815ecfe5cf5e
100331,0xba740c9035ff3c24a69e0df231149c9cd12bae07
100331,0x6fabfe96206adc6596bb817e3e06c8b4f694f8cd
100143,0xfe3ddb7883c3f09e1fdc9908b570c6c79fb25f7c
100143,0x4071da52be208af9b5db9cb5041d1107b82ac505
100143,0x9c8cccb6f344be0a3cd97319ba9678c07762b10c
100143,0x4cf40107f03bdb0ab3cf854d6fe3c22f137f7e90
100143,0x99d6b2caabf5798803f3539ec9a386e9dbc907ec
100142,0xfe3ddb7883c3f09e1fdc9908b570c6c79fb25f7c
100142,0x4071da52be208af9b5db9cb5041d1107b82ac505
100142,0x9c8cccb6f344be0a3cd97319ba9678c07762b10c
100142,0x4cf40107f03bdb0ab3cf854d6fe3c22f137f7e90
100142,0x99d6b2caabf5798803f3539ec9a386e9dbc907ec
100141,0xfe3ddb7883c3f09e1fdc9908b570c6c79fb25f7c
100141,0x4071da52be208af9b5db9cb5041d1107b82ac505
100141,0x9c8cccb6f344be0a3cd97319ba9678c07762b10c
100141,0x4cf40107f03bdb0ab3cf854d6fe3c22f137f7e90
100141,0x99d6b2caabf5798803f3539ec9a386e9dbc907ec
101101,0xe95330d7cdcd37bf0ad875c29e2a2871fefa3de8
101101,0xfe3ddb7883c3f09e1fdc9908b570c6c79fb25f7c
101101,0xa2e358abb6dad485704f01cb479bea5abbae902f
101101,0x519db92f9db437a75a6cc1733e451ae0bd39b0ac
101101,0x47add99a2817612b992ac096c37e16412c1b20ff
101102,0xe95330d7cdcd37bf0ad875c29e2a2871fefa3de8
101102,0x47add99a2817612b992ac096c37e16412c1b20ff
101102,0xaac75aee1d3dac4e6a5435c589f36fe4f042fd1d
101102,0xb9808cecaab07e7cf7891096217259911efd1059
101102,0x6199e5fa5f627ffe703291418df9683c3608ab8b
101103,0xe95330d7cdcd37bf0ad875c29e2a2871fefa3de8
101103,0x6199e5fa5f627ffe703291418df9683c3608ab8b
101103,0x25125e438b7ae0f9ae8511d83abb0f4574217c7a
101103,0x764f4909251f81976a0a2dcebce95333e4c27517
101103,0x78a18ddecda44f7d298d9b37512ed8a7f6b226c7
101108,0xfe3ddb7883c3f09e1fdc9908b570c6c79fb25f7c
101108,0x6199e5fa5f627ffe703291418df9683c3608ab8b
101108,0x887c3599c4826f7b3cde82003b894430f27d5b92
101108,0x6255e5d2b3f82e4025959c1a3e8f19fefe087cc2
101108,0x7285502ed0a0ed25f65941e480bda7114492acf9
101104,0xfe3ddb7883c3f09e1fdc9908b570c6c79fb25f7c
101104,0x6c7c3806b3cae601b1d99c017e4592753ba8d41e
101104,0x519db92f9db437a75a6cc1733e451ae0bd39b0ac
101104,0x884d6fa3a4b349880486ad4d7c833ca968c785d8
101104,0x6ea9399aeea278901d7f4c980f7b4b9c5b69b8fc
101201,0x60203b2d05f84baf615095596c4353ff11d2a407
101201,0xfe3ddb7883c3f09e1fdc9908b570c6c79fb25f7c
101201,0x4ab68d88c0eebe11c0e44d98a1a24279c8c1c66c
101201,0xdf29ee8f6d1b407808eb0270f5b128dc28303684
101201,0x4e3d9399c28c724293dd545225ec843ac4c9e953
101202,0xdf29ee8f6d1b407808eb0270f5b128dc28303684
101202,0x9628be77fb3dcd890fd93a5d039092fca855d3cc
101202,0x6db9e7f63fc34a5727bb54dc7ac487acb23dc44a
101202,0xf22f00d0b95b1b728078066e5f4410f6b2be8fae
101202,0xf9dbc29f0ce21aa8379814c585f37d9a795c8c03
101203,0x9628be77fb3dcd890fd93a5d039092fca855d3cc
101203,0x8f156b17c9002cc0aa229b9ca285345fbdb0ba7b
101203,0x125ad150043f25a8c0a09c8b82ac2a26eaac1400
101203,0x9762f6f7ca409be5b62adac6c64812269f570a85
101203,0xf3afc2383a0b45ae73d77b49df7f2184b1ad4b90
101204,0x9628be77fb3dcd890fd93a5d039092fca855d3cc
101204,0x8f156b17c9002cc0aa229b9ca285345fbdb0ba7b
101204,0x30227f0452afc86e964ca30d3f48ac5056d871b5
101204,0xd455712e43582134f101a0c686d26548b5438a3b
101204,0x2ce1a66f22a2dc6e410d9021d57aeb8d13d6bfef
100111,0x5037e7747faa78fc0ecf8dfc526dcd19f73076ce
100111,0xfe3ddb7883c3f09e1fdc9908b570c6c79fb25f7c
100111,0xf4761744016229d249df1501b1184338f7310334
100111,0x519db92f9db437a75a6cc1733e451ae0bd39b0ac
100111,0xbaf4372857ea838a9693d86421d12a4c7af91985
100112,0x5037e7747faa78fc0ecf8dfc526dcd19f73076ce
100112,0xfe3ddb7883c3f09e1fdc9908b570c6c79fb25f7c
100112,0xf4761744016229d249df1501b1184338f7310334
100112,0x519db92f9db437a75a6cc1733e451ae0bd39b0ac
100112,0xbaf4372857ea838a9693d86421d12a4c7af91985
100113,0x5037e7747faa78fc0ecf8dfc526dcd19f73076ce
100113,0xf4761744016229d249df1501b1184338f7310334
100113,0xfe3ddb7883c3f09e1fdc9908b570c6c79fb25f7c
100113,0x519db92f9db437a75a6cc1733e451ae0bd39b0ac
100113,0xbaf4372857ea838a9693d86421d12a4c7af91985
100605,0xd26a2bd8a59ea00bd836142cc6be9717361a3b51
100605,0x7f7ed74ba8d347640a0a4150751879efa6a5c8cf
100605,0x533336d35ca55dc1e0d7cb3cb44187e138664280
100605,0xc07e47564822c953912c3e8a8c653bec8a4c3463
100605,0x9347ea27d20da04fa3af9444ebd086c73ff6553b
100604,0xd26a2bd8a59ea00bd836142cc6be9717361a3b51
100604,0xd26a2bd8a59ea00bd836142cc6be9717361a3b51
100604,0x60203b2d05f84baf615095596c4353ff11d2a407
100604,0x7f7ed74ba8d347640a0a4150751879efa6a5c8cf
100604,0x533336d35ca55dc1e0d7cb3cb44187e138664280
100606,0x60203b2d05f84baf615095596c4353ff11d2a407
100606,0x7f7ed74ba8d347640a0a4150751879efa6a5c8cf
100606,0x1d04e429e74fb808767f40280f93a904ff091954
100606,0x4071da52be208af9b5db9cb5041d1107b82ac505
100606,0xe4fb7e45f7d3ee5c36fee81e443dca88e5df2384
102105,0x99ef5629bef3782eaca45e89f440a4993c51751a
102105,0x60203b2d05f84baf615095596c4353ff11d2a407
102105,0x5cbac6e08f6d6273c3ee7f929c96c377d94a738d
102105,0x5cd18da4c84758319c8e1c228b48725f5e4a3506
102105,0x107a6578ab250f79f9763fc825e8d6cab0d33c6a
102101,0x60203b2d05f84baf615095596c4353ff11d2a407
102101,0x107a6578ab250f79f9763fc825e8d6cab0d33c6a
102101,0x4ab68d88c0eebe11c0e44d98a1a24279c8c1c66c
102101,0x4e239b011f5ae87a47a075562cca78d0b7170677
102101,0x5abdf1bdf263963601d3cc57d14723465d9fc505
102103,0x5cd18da4c84758319c8e1c228b48725f5e4a3506
102103,0x4ab68d88c0eebe11c0e44d98a1a24279c8c1c66c
102103,0x153509e78fd04144d482e27716ae14c52d7932b0
102103,0xf5bae3e8f61468762ba115802570831f2b294c3a
102103,0xcfcdcde4d1c654ed980b4b3f6ff782194b3aa666
102102,0x2abf33485edf704511dfa42dfb8afa71a0450a8e
102102,0x8821032523496caa7d090ba133d3ba12ab769500
102102,0x7ff4f8fe1dbbba8dc27103359bf96e97a4d44114
102102,0x4d477f1aabcfc2fc3fc9b802e861c013e0123ad9
102102,0x1b35fcb58f5e1e2a42ff8e66ddf5646966abf08c
102104,0x1fc550e98ad3021e32c47a84019f77a0792c60b7
102104,0x8821032523496caa7d090ba133d3ba12ab769500
102104,0x4d477f1aabcfc2fc3fc9b802e861c013e0123ad9
102104,0x50512168bf0ba7d3799284eef087469e357b5d3c
102104,0x2068d14ee50772dd6e89c6f64f32adad0cc936ef
100032,0xd26a2bd8a59ea00bd836142cc6be9717361a3b51
100032,0xe95330d7cdcd37bf0ad875c29e2a2871fefa3de8
100032,0x5cd18da4c84758319c8e1c228b48725f5e4a3506
100032,0xfe3ddb7883c3f09e1fdc9908b570c6c79fb25f7c
100032,0x544aed5dbe2834fadaba5c9422d3a0b96b61b358
100033,0x5cd18da4c84758319c8e1c228b48725f5e4a3506
100033,0xcef871b113d2bb5d3fa5dc96d2d288dd38082aae
100033,0x3e486ec07a997d51c78d74c76d6f4b74ec1c2018
100033,0x5033724d9d1314832973f50188ae6afdf83b7e32
100033,0x04128317261b5ab669372f990580fac7e5c3937e
100031,0xe95330d7cdcd37bf0ad875c29e2a2871fefa3de8
100031,0x2b2e9d15264452e032fbaf851d38ba0d9d4cb536
100031,0x0921a087a7a976065ae6f7ebe0a5b7a9f0a55a37
100031,0xe711d6b006674a271866553a22acd3570dbf46ef
100031,0x4a7a7bb334d6044d202c2f8ffac21b770cfc536a
100123,0xfe3ddb7883c3f09e1fdc9908b570c6c79fb25f7c
100123,0xa83744ebb1321e21df821759ef43f80a9df279aa
100123,0x81e877dd467f65b79aff559a8fafed6e95f01ad8
100123,0x47a76df5f20b7116a33b9715bc73092fb3690b36
100123,0x4071da52be208af9b5db9cb5041d1107b82ac505
100122,0xfe3ddb7883c3f09e1fdc9908b570c6c79fb25f7c
100122,0xa83744ebb1321e21df821759ef43f80a9df279aa
100122,0x81e877dd467f65b79aff559a8fafed6e95f01ad8
100122,0x47a76df5f20b7116a33b9715bc73092fb3690b36
100122,0x4071da52be208af9b5db9cb5041d1107b82ac505
100121,0xfe3ddb7883c3f09e1fdc9908b570c6c79fb25f7c
100121,0xa83744ebb1321e21df821759ef43f80a9df279aa
100121,0x81e877dd467f65b79aff559a8fafed6e95f01ad8
100121,0x47a76df5f20b7116a33b9715bc73092fb3690b36
100121,0x4071da52be208af9b5db9cb5041d1107b82ac505
101801,0xfe3ddb7883c3f09e1fdc9908b570c6c79fb25f7c
101801,0xe8e83ddfc373bbbd22edf5a80a30ec7ded8f2b47
101801,0x770569f85346b971114e11e4bb5f7ac776673469
101801,0x2ac54271ac951099798c01bf584dc31c8f67b04f
101801,0x6db9e7f63fc34a5727bb54dc7ac487acb23dc44a
101901,0x8fc642d66492c830da43d95da7fe3f027f4f3246
101901,0x659db7f3ea1801dde55259fccbb1e8608f8ebdef
101901,0x770569f85346b971114e11e4bb5f7ac776673469
101901,0x05f7f81ef8b158be44b96a3a3bd5351bdf28946c
101901,0x1f14c2f40400471fb4a3aef1390f6bbbf2ad8f99
101301,0xe95330d7cdcd37bf0ad875c29e2a2871fefa3de8
101301,0xfe3ddb7883c3f09e1fdc9908b570c6c79fb25f7c
101301,0x74aadae2c7aa9321314a0a6f53a70eda5ebe103a
101301,0xb68e323e1d63286322d08244527d6d6561b21540
101301,0xcfc36d000ef5f72d212bbeb6c847a9a78d9b169b
101302,0xcfc36d000ef5f72d212bbeb6c847a9a78d9b169b
101302,0x502b2edfc6af452ec95be5a6d2bc38365f528246
101302,0x47acaee373848a266a220125203460e3921677ed
101302,0x1b35fcb58f5e1e2a42ff8e66ddf5646966abf08c
101302,0x31a6d0ea27db941257024189a3718472d40ef663
101303,0xcfc36d000ef5f72d212bbeb6c847a9a78d9b169b
101303,0x00493aa44bcfd6f0c2ecc7f8b154e4fb352d1c81
101303,0xaf1c058cc0edfd1e87774e53c14941d8d7a7d9d7
101303,0x716722c80757fff31da3f3c392a1736b7cfa3a3e
101303,0xa2e7002e0ffc42e4228292d67c13a81fdd191870
100007,0x502b2edfc6af452ec95be5a6d2bc38365f528246
100007,0xc6571c2fb66825f13b7751b1c334810d397618eb
100007,0x1b35fcb58f5e1e2a42ff8e66ddf5646966abf08c
100007,0x31a6d0ea27db941257024189a3718472d40ef663
100007,0xfacc5d45cf8ba8d12685858a67c42312c2ec3f2f
101304,0x716722c80757fff31da3f3c392a1736b7cfa3a3e
101304,0xb4aca4d18c3f3ad9bfddd0a0dc8f669d51798dea
101304,0x3ec44a823e07555b5f889d8d954eec736eb5865b
101304,0x9c85c376a50721c75e4e015ac22efe066dbb73ec
101304,0x03894d4ac41dd6c4c2f524ed4417c90fa46972c6
101305,0x5d47e5d242a8f66a6286b0a2353868875f5d6068
101305,0x505e20c0fb8252ca7ac21d54d5432eccd4f2d076
101305,0xebdb626c95a25f4e304336b1adcad0521a1bdca1
101305,0x47e68dfd8b04ac91cd09c9df6e4e38387464f68a
101305,0x5a384227b65fa093dec03ec34e111db80a040615
101701,0xe95330d7cdcd37bf0ad875c29e2a2871fefa3de8
101701,0x3dbb526818bacd0bba1214a533db949e2aeb55d8
101701,0xf253f56f5b8118e9d28cc8dda7316761f4a85fc4
101701,0x373c71b573f5d5bf110dde465184ffaf16d3b7ac
101701,0x446ccd4633512f321b400cf89c1877f8307f6c26
101702,0xe95330d7cdcd37bf0ad875c29e2a2871fefa3de8
101702,0xca98a7db93e53aa7381461f728a481a941a590b5
101702,0x60a9506f9c8fbf19f3cc33495da0411e0a3e4a95
101702,0xfa82b4faa4111e64032379d1c9269c256b5e79d0
101702,0xc0882631627786eea84a851f66cdd1c0a070ea28
100006,0xe29b7fb40150ea4b7cbc2f22e3acfa67a8da021a
100006,0xab7b49bacd43bd4cfa41433d477f690bb9e1fb26
100006,0x8f156b17c9002cc0aa229b9ca285345fbdb0ba7b
100006,0xc3d9cad1b5233cb4261b27dfcd68bd9af8ff0191
100006,0x47a76df5f20b7116a33b9715bc73092fb3690b36
101501,0x60203b2d05f84baf615095596c4353ff11d2a407
101501,0xcef871b113d2bb5d3fa5dc96d2d288dd38082aae
101501,0xe95330d7cdcd37bf0ad875c29e2a2871fefa3de8
101501,0xfe3ddb7883c3f09e1fdc9908b570c6c79fb25f7c
101501,0x0042bf66a9828dd67bb55b5ad041ed15aa190776
101502,0xe95330d7cdcd37bf0ad875c29e2a2871fefa3de8
101502,0x7990ac0d0d602346c2aa05de66f711a9f50faf8d
101502,0xfe3ddb7883c3f09e1fdc9908b570c6c79fb25f7c
101502,0x373b19826ad320f1a72e39122ade734b1ad5fa4d
101502,0x4501457c36ae0647cd43a1a81ea4e9e69604215f
101503,0xe95330d7cdcd37bf0ad875c29e2a2871fefa3de8
101503,0x7990ac0d0d602346c2aa05de66f711a9f50faf8d
101503,0x717484403e281103f0a00604db22e0aa21401947
101503,0x4501457c36ae0647cd43a1a81ea4e9e69604215f
101503,0x2961b02dce896d5a63b57997a1ae124736de2cf1
100309,0xbefe9091541d2fd2bb2b931536fbee0383c4c4e0
100308,0xbefe9091541d2fd2bb2b931536fbee0383c4c4e0
100307,0xbefe9091541d2fd2bb2b931536fbee0383c4c4e0
100307,0xd4066e28265691d6c83086a2e72bdc39fb02c6c7
100306,0xbefe9091541d2fd2bb2b931536fbee0383c4c4e0
100306,0xa2d8fa3e9c07ea5c39cabad729eb2ee8336d483d
100306,0xe874946c5876e5e6a9fbc1e17db759e06e3b3ffe
100306,0xd4066e28265691d6c83086a2e72bdc39fb02c6c7
100306,0xc2d14c396822ba325aa8c8d0f6213828cb69d925
101504,0x2961b02dce896d5a63b57997a1ae124736de2cf1
101504,0x1426fbd146942e153653863cbe633780c17268da
101504,0x5fa18f60c6e4a08493abd3a4da7b02e20b0cb2f9
101504,0xc4a5c059840a146b81c77bf79f1398f2b3d28ca7
101504,0x01b86aeebcd1ff94ac1195cfc8fd9e39db24db45
101505,0x2961b02dce896d5a63b57997a1ae124736de2cf1
101505,0x5fa18f60c6e4a08493abd3a4da7b02e20b0cb2f9
101505,0xc4a5c059840a146b81c77bf79f1398f2b3d28ca7
101505,0x01b86aeebcd1ff94ac1195cfc8fd9e39db24db45
101505,0xea5bbad59c45a02ac0b0f48c9b4b7ccbccd73c36
101506,0x5fa18f60c6e4a08493abd3a4da7b02e20b0cb2f9
101506,0xc4a5c059840a146b81c77bf79f1398f2b3d28ca7
101506,0x54e6627177165aa7b6f31752c744c306fac993db
101506,0x765a16ca391a6b9249cfa65bf2d14c38722198e3
101506,0xc2893a33ca7d0884c245ac0a7a2045272620d11f
101601,0x183bdb344a07ee3d27f07ac4799a56e4a2fe5439
101601,0x131975ca3e75259e60afeb1cd34051a6804da505
101601,0xe72185a9f4ce3500d6dc7ccdcfc64cf66d823be8
101601,0x9b18e9e9aa3dd35100b385b7035c0b1e44afca14
101601,0x8c580556fdb1f57853e49f409ae9b89f7658e7a2
100161,0x60203b2d05f84baf615095596c4353ff11d2a407
100161,0xcd51291e5c65c3b939a58c38ea6e0d6eea46b290
100161,0x42377b2b3426a1ac388294eef88af65b8cd8847b
100161,0x770569f85346b971114e11e4bb5f7ac776673469
100161,0x79603115df2ba00659adc63192325cf104ca529c
100151,0x60203b2d05f84baf615095596c4353ff11d2a407
100151,0x75e069afee263f639d3a4a7dc70199f858f7254d
100151,0x42377b2b3426a1ac388294eef88af65b8cd8847b
100151,0x1888c27d535c9e70634cb5612532931f604b1340
100151,0x16bb20da9d1308f70f286fc0c42aaa79ec663442
100156,0x5cd18da4c84758319c8e1c228b48725f5e4a3506
100156,0x42377b2b3426a1ac388294eef88af65b8cd8847b
100156,0x644bf2c24623e5c14ec611183a8124e348667d8c
100156,0x75e069afee263f639d3a4a7dc70199f858f7254d
100156,0xcd51291e5c65c3b939a58c38ea6e0d6eea46b290
100152,0x75e069afee263f639d3a4a7dc70199f858f7254d
100152,0x16bb20da9d1308f70f286fc0c42aaa79ec663442
100152,0x1888c27d535c9e70634cb5612532931f604b1340
100152,0x42377b2b3426a1ac388294eef88af65b8cd8847b
100152,0xcd51291e5c65c3b939a58c38ea6e0d6eea46b290
100153,0x75e069afee263f639d3a4a7dc70199f858f7254d
100153,0x1888c27d535c9e70634cb5612532931f604b1340
100153,0x42377b2b3426a1ac388294eef88af65b8cd8847b
100153,0xcd51291e5c65c3b939a58c38ea6e0d6eea46b290
100153,0x644bf2c24623e5c14ec611183a8124e348667d8c
100154,0x75e069afee263f639d3a4a7dc70199f858f7254d
100154,0x42377b2b3426a1ac388294eef88af65b8cd8847b
100154,0x644bf2c24623e5c14ec611183a8124e348667d8c
100154,0xcd51291e5c65c3b939a58c38ea6e0d6eea46b290
100154,0x1e1f3ff05b930131c4dba2747114eb00e9a98b6f
100155,0x75e069afee263f639d3a4a7dc70199f858f7254d
100155,0x42377b2b3426a1ac388294eef88af65b8cd8847b
100155,0xcd51291e5c65c3b939a58c38ea6e0d6eea46b290
100155,0x1e1f3ff05b930131c4dba2747114eb00e9a98b6f
100155,0x644bf2c24623e5c14ec611183a8124e348667d8c
100157,0x42377b2b3426a1ac388294eef88af65b8cd8847b
100157,0x75e069afee263f639d3a4a7dc70199f858f7254d
100157,0xcd51291e5c65c3b939a58c38ea6e0d6eea46b290
100157,0x1bda0a00d113eee140757aa5603c7cca15295153
100157,0x06823c238a56c255961ab71894817a69549fdfca
100158,0x42377b2b3426a1ac388294eef88af65b8cd8847b
100158,0xcd51291e5c65c3b939a58c38ea6e0d6eea46b290
100158,0x1bda0a00d113eee140757aa5603c7cca15295153
100158,0x1aa30bfecdec590a90d5b43ca9d717fcae92c564
100158,0x607e7701af1a37bffc117ee10bdb391b81c56ec1
100159,0x42377b2b3426a1ac388294eef88af65b8cd8847b
100159,0xcd51291e5c65c3b939a58c38ea6e0d6eea46b290
100159,0x607e7701af1a37bffc117ee10bdb391b81c56ec1
100159,0x1aa30bfecdec590a90d5b43ca9d717fcae92c564
100159,0x79603115df2ba00659adc63192325cf104ca529c
100160,0x42377b2b3426a1ac388294eef88af65b8cd8847b
100160,0xcd51291e5c65c3b939a58c38ea6e0d6eea46b290
100160,0x770569f85346b971114e11e4bb5f7ac776673469
100160,0x79603115df2ba00659adc63192325cf104ca529c
100160,0x29fc901f2d79908d4b36028ea973305e47fc4810
100162,0xcd51291e5c65c3b939a58c38ea6e0d6eea46b290
100162,0x8fc642d66492c830da43d95da7fe3f027f4f3246
100162,0x81e877dd467f65b79aff559a8fafed6e95f01ad8
100162,0x939780173b5d00b026a116dbdfe7b9f6f056be9c
100162,0xff1882511a5673194b252c35f2530562f74f47e4
100163,0xcd51291e5c65c3b939a58c38ea6e0d6eea46b290
100163,0x8fc642d66492c830da43d95da7fe3f027f4f3246
100163,0x47a76df5f20b7116a33b9715bc73092fb3690b36
100163,0x0f8361ef329b43fa48ac66a7cd8f619c517274f1
100163,0x685c99e8780e5a7f158617cc2e9acc0e45a66120
100164,0x8fc642d66492c830da43d95da7fe3f027f4f3246
100164,0x47a76df5f20b7116a33b9715bc73092fb3690b36
100164,0x685c99e8780e5a7f158617cc2e9acc0e45a66120
100164,0x0f8361ef329b43fa48ac66a7cd8f619c517274f1
100164,0xf3afc2383a0b45ae73d77b49df7f2184b1ad4b90
100165,0x8fc642d66492c830da43d95da7fe3f027f4f3246
100165,0x47a76df5f20b7116a33b9715bc73092fb3690b36
100165,0x685c99e8780e5a7f158617cc2e9acc0e45a66120
100165,0xf3afc2383a0b45ae73d77b49df7f2184b1ad4b90
100165,0xd7efae6e8e0556ebb5e77a499a34fce6a4d8c722
100166,0x685c99e8780e5a7f158617cc2e9acc0e45a66120
100166,0x47a76df5f20b7116a33b9715bc73092fb3690b36
100166,0xa7e5a837382c4b2a484bd2afadc8b5a5f6d74e87
100166,0x8f156b17c9002cc0aa229b9ca285345fbdb0ba7b
100166,0xab7b49bacd43bd4cfa41433d477f690bb9e1fb26
100131,0x60203b2d05f84baf615095596c4353ff11d2a407
100131,0xfe3ddb7883c3f09e1fdc9908b570c6c79fb25f7c
100131,0xab24d9b1f3814a4f007803761364d0af222b9e11
100131,0x2068d14ee50772dd6e89c6f64f32adad0cc936ef
100131,0x80327002b6c35657b8367290b22c2dc69a399b84
100132,0x60203b2d05f84baf615095596c4353ff11d2a407
100132,0xfe3ddb7883c3f09e1fdc9908b570c6c79fb25f7c
100132,0xab24d9b1f3814a4f007803761364d0af222b9e11
100132,0x2068d14ee50772dd6e89c6f64f32adad0cc936ef
100132,0x80327002b6c35657b8367290b22c2dc69a399b84
100133,0x60203b2d05f84baf615095596c4353ff11d2a407
100133,0xfe3ddb7883c3f09e1fdc9908b570c6c79fb25f7c
100133,0x2068d14ee50772dd6e89c6f64f32adad0cc936ef
100133,0x80327002b6c35657b8367290b22c2dc69a399b84
100133,0x002153708f11f2651215059eea30820ee4d49ff3
100034,0x3138a21ff9ad62b9f83b5f0f7740f8bde2fb7cba
100034,0x7451bead06abbc444846b6dac2f1227239f495cf
100034,0x01a1d2750b2c7aad954698c1e9596f5ccabdd265
100034,0x2600544f150db80438004be4bbc7114aa21615a9
100034,0x47a76df5f20b7116a33b9715bc73092fb3690b36
100035,0x3138a21ff9ad62b9f83b5f0f7740f8bde2fb7cba
100035,0x7451bead06abbc444846b6dac2f1227239f495cf
100035,0x2600544f150db80438004be4bbc7114aa21615a9
100035,0x47a76df5f20b7116a33b9715bc73092fb3690b36
100035,0x81e877dd467f65b79aff559a8fafed6e95f01ad8
100167,0x47a76df5f20b7116a33b9715bc73092fb3690b36
100167,0x685c99e8780e5a7f158617cc2e9acc0e45a66120
100036,0x81e877dd467f65b79aff559a8fafed6e95f01ad8
100036,0xb6e7f7c99409b31d3cd7ce576691838237a9b97b
100036,0x6cb4890d712c91020df2e62fb7bb869ce6ca3e8a
100036,0xde361c58d32465dfd17434127a37145c29d16c54
100036,0x14ff0bc9417b6796f79768729002a793b51205b8
102302,0x5037e7747faa78fc0ecf8dfc526dcd19f73076ce
102302,0xf2dc787f600e1180bea8319a9cdb579f4a7d084e
102302,0xcb6617e3a0daa049adb179162ced28e4247cffff
102302,0xf7256ed518fa3a8b1ddb2bbb0cd0071617df7bf4
102302,0xa67aece985ccc3df79c8c9b00c301f287f6aa540
102303,0x5037e7747faa78fc0ecf8dfc526dcd19f73076ce
102303,0xf2dc787f600e1180bea8319a9cdb579f4a7d084e
102303,0xcb6617e3a0daa049adb179162ced28e4247cffff
102303,0xf7256ed518fa3a8b1ddb2bbb0cd0071617df7bf4
102303,0xa67aece985ccc3df79c8c9b00c301f287f6aa540
102304,0x5037e7747faa78fc0ecf8dfc526dcd19f73076ce
102304,0xf2dc787f600e1180bea8319a9cdb579f4a7d084e
102304,0xcb6617e3a0daa049adb179162ced28e4247cffff
102304,0xf7256ed518fa3a8b1ddb2bbb0cd0071617df7bf4
102304,0xa67aece985ccc3df79c8c9b00c301f287f6aa540
102305,0x5037e7747faa78fc0ecf8dfc526dcd19f73076ce
102305,0xf2dc787f600e1180bea8319a9cdb579f4a7d084e
102305,0xcb6617e3a0daa049adb179162ced28e4247cffff
102305,0xf7256ed518fa3a8b1ddb2bbb0cd0071617df7bf4
102305,0xa67aece985ccc3df79c8c9b00c301f287f6aa540
103501,0xd26a2bd8a59ea00bd836142cc6be9717361a3b51
103502,0xd26a2bd8a59ea00bd836142cc6be9717361a3b51
103503,0xd26a2bd8a59ea00bd836142cc6be9717361a3b51
103506,0xd26a2bd8a59ea00bd836142cc6be9717361a3b51
102901,0xbdc4d451dcab410dca2699fce2f25cf20f7ab61d
102901,0xaca8d27230c0c19543292648a09e2ad011739f00
102901,0x42dd10d6315ecdfcbfcc8eceacca0bdc9539acf2
102901,0xdcdb88f3754b2841093d9348a2d02df8cf06314c
102901,0x8358fc2dd62c00c1a9cd0fcb577309a4cead2471
102301,0xf7256ed518fa3a8b1ddb2bbb0cd0071617df7bf4
102301,0xcb6617e3a0daa049adb179162ced28e4247cffff
102301,0x9755e3d858a3310e9915e490104435ed4f0d7547
102301,0xdcdb88f3754b2841093d9348a2d02df8cf06314c
102301,0x20ff7e19c8ff23109eb1661df3b3c4f36ddadf1f
102201,0xdcdb88f3754b2841093d9348a2d02df8cf06314c
102201,0x435d821ee5b346850545cb18443ca9808a9d47d0
102201,0x7896062cbee5b512ea2b5a6182d1c89438aaee5f
102201,0x3e863b9ede98c4c1f256a9ec507a5fe4b7587817
102201,0xb3abc96cb9a61576c03c955d75b703a890a14aa0
102601,0xaca8d27230c0c19543292648a09e2ad011739f00
102601,0x42dd10d6315ecdfcbfcc8eceacca0bdc9539acf2
102601,0xaff3fac3690e531a311cb7b3d4b77b37f49bfab3
102601,0x3a874e67847225f26d0e10b5c1ec6bbc88f72242
102601,0x84f2bca64e27cdaef769d899a7ec2ea6beb8c73d
102501,0xaca8d27230c0c19543292648a09e2ad011739f00
102501,0x42dd10d6315ecdfcbfcc8eceacca0bdc9539acf2
102501,0xd958ee1d2cafac2d3d6b495528dead1b339896e5
102501,0x918ea88373c692b378c685be91e9a55c724abfca
102501,0xb8688028c54efe7d6e27405616526b23c7ae6948
102502,0xaca8d27230c0c19543292648a09e2ad011739f00
102502,0x42dd10d6315ecdfcbfcc8eceacca0bdc9539acf2
102502,0xd958ee1d2cafac2d3d6b495528dead1b339896e5
102502,0x918ea88373c692b378c685be91e9a55c724abfca
102502,0xb8688028c54efe7d6e27405616526b23c7ae6948
102801,0x7eb12f04effc4901d7520e4ebd62de512743feca
102801,0xa8c4e3ce1743d0f2a6c227548c982a7c40569940
102801,0x30227f0452afc86e964ca30d3f48ac5056d871b5
102801,0x6073b187357c6b2970da8812ece1959b3cce487d
102801,0x83c9440dc34da00c47a0d4dc2b598d7bdb1b53f7
102503,0xaca8d27230c0c19543292648a09e2ad011739f00
102503,0x42dd10d6315ecdfcbfcc8eceacca0bdc9539acf2
102503,0xd958ee1d2cafac2d3d6b495528dead1b339896e5
102503,0xb8688028c54efe7d6e27405616526b23c7ae6948
102503,0x1a4370fdd7173d0a41ff7c63a8e0249479ba0225
102504,0xaca8d27230c0c19543292648a09e2ad011739f00
102504,0x42dd10d6315ecdfcbfcc8eceacca0bdc9539acf2
102504,0xd958ee1d2cafac2d3d6b495528dead1b339896e5
102504,0xb8688028c54efe7d6e27405616526b23c7ae6948
102504,0x1a4370fdd7173d0a41ff7c63a8e0249479ba0225
103001,0x7eb12f04effc4901d7520e4ebd62de512743feca
103001,0x5ffc4787f5b0ffc0d15eb2adbf29d23b785feda6
103001,0x32245e7e21c7aafebb67a331f3e0a3d32b64d36c
103001,0x3f9d06d42cb2b04ada2d9a8cdfbf63c5206d7deb
103001,0x2068d14ee50772dd6e89c6f64f32adad0cc936ef
102401,0x3e863b9ede98c4c1f256a9ec507a5fe4b7587817
102401,0x0f0924a3a5111e7987a23a49af826d2ba431342e
102401,0xa417100ddcd35787e6c0598e63db45ef5ecca567
102401,0x5fa20fa844a9331d63b2805a8710243994fec034
102401,0x6073b187357c6b2970da8812ece1959b3cce487d
102701,0x7c9636fc2a7743115a1b209b1205769679a67ac8
102701,0x7eb12f04effc4901d7520e4ebd62de512743feca
102701,0xa697aedf5af55fd7a3d75122faa8ffc57e84261c
102701,0x83c9440dc34da00c47a0d4dc2b598d7bdb1b53f7
102701,0x1a4370fdd7173d0a41ff7c63a8e0249479ba0225